{"alkes_id":5,"name":"01-10-23","calibrator":[{"name":"Temperature Datalogger","cell_ID":"B51","cell_LH":"B47","calibrator":[{"name":"Temperature Datalogger","merk":"MADGETECH","model_type":"Model","model_type_name":"HITEMP - 140","serial_number":"R64453"},{"name":"Temperature Datalogger","merk":"MADGETECH","model_type":"Model","model_type_name":"HITEMP - 140","serial_number":"R63447"}]},{"name":"Electrical Safety Analyzer","cell_ID":"B52","cell_LH":"B48","calibrator":[{"name":"Electrical Safety Analyzer","merk":"Fluke","model_type":"Model","model_type_name":"ESA 615","serial_number":"4669058"},{"name":"Electrical Safety Analyzer","merk":"Fluke","model_type":"Model","model_type_name":"ESA 615","serial_number":"3699030"}]},{"name":"Thermohygrolight","cell_ID":"B53","cell_LH":"","calibrator":[{"name":"Thermohygrolight","merk":"Sekonic","model_type":"Model","model_type_name":"ST-50A","serial_number":"HE-21.000670"}]}],"cell_input":[{"cell":"I2","cell_name":null},{"cell":"D8","cell_name":null},{"cell":"D17","cell_name":null},{"cell":"E17","cell_name":null},{"cell":"D18","cell_name":null},{"cell":"E18","cell_name":null},{"cell":"N18","cell_name":null},{"cell":"D19","cell_name":null},{"cell":"P19","cell_name":null},{"cell":"D22","cell_name":null},{"cell":"D23","cell_name":null},{"cell":"I27","cell_name":null},{"cell":"B28","cell_name":null},{"cell":"I28","cell_name":null},{"cell":"B29","cell_name":null},{"cell":"I29","cell_name":null},{"cell":"B37","cell_name":null},{"cell":"C37","cell_name":null},{"cell":"D37","cell_name":null},{"cell":"E37","cell_name":null},{"cell":"F37","cell_name":null},{"cell":"G37","cell_name":null},{"cell":"H37","cell_name":null},{"cell":"B41","cell_name":null},{"cell":"B51","cell_name":"Cell Kalibrator"},{"cell":"B52","cell_name":"Cell Kalibrator"},{"cell":"B53","cell_name":"Cell Kalibrator"}],"cell_output":[{"cell":"A2","cell_name":null},{"cell":"F14","cell_name":null},{"cell":"H14","cell_name":null},{"cell":"F15","cell_name":null},{"cell":"H15","cell_name":null},{"cell":"F16","cell_name":null},{"cell":"H16","cell_name":null},{"cell":"F19","cell_name":null},{"cell":"F20","cell_name":null},{"cell":"L24","cell_name":null},{"cell":"C25","cell_name":null},{"cell":"L25","cell_name":null},{"cell":"N25","cell_name":null},{"cell":"C26","cell_name":null},{"cell":"L26","cell_name":null},{"cell":"N26","cell_name":null},{"cell":"C33","cell_name":null},{"cell":"E33","cell_name":null},{"cell":"G33","cell_name":null},{"cell":"L33","cell_name":null},{"cell":"C37","cell_name":null},{"cell":"D37","cell_name":null},{"cell":"B41","cell_name":null},{"cell":"B42","cell_name":null},{"cell":"B43","cell_name":null},{"cell":"B44","cell_name":null},{"cell":"B51","cell_name":null},{"cell":"B47","cell_name":"Cell Kalibrator"},{"cell":"B48","cell_name":"Cell Kalibrator"}],"schema_group":[{"name":"Default","schema":[{"name":"|Temperature Datalogger, Merek : MADGETECH, Model : HITEMP - 140, SN : R64453|Electrical Safety Analyzer, Merek : Fluke, Model : ESA 615, SN : 4669058|Thermohygrolight, Merek : Sekonic, Model : ST-50A, SN : HE-21.000670","input_cell_values":[{"cell":"I2","value":"1 \/ V - 23 \/ E - 033.30 DL"},{"cell":"D8","value":"1"},{"cell":"D17","value":"24.0"},{"cell":"E17","value":"25.0"},{"cell":"D18","value":"69.0"},{"cell":"E18","value":"63.0"},{"cell":"N18","value":null},{"cell":"D19","value":"220.0"},{"cell":"P19","value":null},{"cell":"D22","value":"Baik"},{"cell":"D23","value":"Baik"},{"cell":"I27","value":"OL"},{"cell":"B28","value":"Resistansi Pembumian Protektif (kabel dapat dilepas)"},{"cell":"I28","value":"0.140"},{"cell":"B29","value":"Arus bocor peralatan untuk peralatan elektromedik kelas I"},{"cell":"I29","value":"-"},{"cell":"B37","value":"121"},{"cell":"C37","value":"121.45"},{"cell":"D37","value":"121.30"},{"cell":"E37","value":"121.45"},{"cell":"F37","value":"121.45"},{"cell":"G37","value":"121.45"},{"cell":"H37","value":"121.45"},{"cell":"B41","value":"19"},{"cell":"B51","value":"Temperature Datalogger, Merek : MADGETECH, Model : HITEMP - 140, SN : R64453"},{"cell":"B52","value":"Electrical Safety Analyzer, Merek : Fluke, Model : ESA 615, SN : 4669058"},{"cell":"B53","value":"Thermohygrolight, Merek : Sekonic, Model : ST-50A, SN : HE-21.000670"}],"output_cell_value":[{"cell":"B47","value":"Temperature Datalogger, Merek : MADGETECH, Model : HITEMP - 140, SN : R64453"},{"cell":"B48","value":"Electrical Safety Analyzer, Merek : Fluke, Model : ESA 615, SN : 4669058"},{"cell":"A2","value":"Nomor Sertifikat : 5 \/ 1 \/ V - 23 \/ E - 033.30 DL"},{"cell":"F14","value":"24.9"},{"cell":"H14","value":"0.3"},{"cell":"F15","value":"63.1"},{"cell":"H15","value":"1.8"},{"cell":"F16","value":"219.8"},{"cell":"H16","value":"2.6"},{"cell":"F19","value":"Baik"},{"cell":"F20","value":"Baik"},{"cell":"L24","value":"OL"},{"cell":"C25","value":"Resistansi Pembumian Protektif (kabel dapat dilepas)"},{"cell":"L25","value":"0.141"},{"cell":"N25","value":"\u2264 0.2"},{"cell":"C26","value":"Arus bocor peralatan untuk peralatan elektromedik kelas I"},{"cell":"L26","value":"-"},{"cell":"N26","value":"\u2264 500"},{"cell":"C33","value":"121"},{"cell":"E33","value":"121.53"},{"cell":"G33","value":"0.53"},{"cell":"L33","value":"0.60"},{"cell":"C37","value":"121"},{"cell":"D37","value":"19"},{"cell":"B41","value":"Ketidakpastian pengukuran dilaporkan pada tingkat kepercayaan 95% dengan faktor cakupan k=2"},{"cell":"B42","value":"Hasil pengukuran keselamatan listrik tertelusur ke Satuan SI melalui PT. Kaliman ( LK-032-IDN )"},{"cell":"B43","value":"Hasil pengujian kinerja suhu tertelusur ke Satuan SI melalui PT. KALIMAN ( LK-032-IDN )"},{"cell":"B44","value":"Tidak terdapat grounding di ruangan"},{"cell":"B51","value":"Alat yang dikalibrasi dalam batas toleransi dan dinyatakan LAIK PAKAI"}]},{"name":"|Temperature Datalogger, Merek : MADGETECH, Model : HITEMP - 140, SN : R64453|Electrical Safety Analyzer, Merek : Fluke, Model : ESA 615, SN : 3699030|Thermohygrolight, Merek : Sekonic, Model : ST-50A, SN : HE-21.000670","input_cell_values":[{"cell":"I2","value":"1 \/ V - 23 \/ E - 033.30 DL"},{"cell":"D8","value":"1"},{"cell":"D17","value":"24.0"},{"cell":"E17","value":"25.0"},{"cell":"D18","value":"69.0"},{"cell":"E18","value":"63.0"},{"cell":"N18","value":null},{"cell":"D19","value":"220.0"},{"cell":"P19","value":null},{"cell":"D22","value":"Baik"},{"cell":"D23","value":"Baik"},{"cell":"I27","value":"OL"},{"cell":"B28","value":"Resistansi Pembumian Protektif (kabel dapat dilepas)"},{"cell":"I28","value":"0.140"},{"cell":"B29","value":"Arus bocor peralatan untuk peralatan elektromedik kelas I"},{"cell":"I29","value":"-"},{"cell":"B37","value":"121"},{"cell":"C37","value":"121.45"},{"cell":"D37","value":"121.30"},{"cell":"E37","value":"121.45"},{"cell":"F37","value":"121.45"},{"cell":"G37","value":"121.45"},{"cell":"H37","value":"121.45"},{"cell":"B41","value":"19"},{"cell":"B51","value":"Temperature Datalogger, Merek : MADGETECH, Model : HITEMP - 140, SN : R64453"},{"cell":"B52","value":"Electrical Safety Analyzer, Merek : Fluke, Model : ESA 615, SN : 3699030"},{"cell":"B53","value":"Thermohygrolight, Merek : Sekonic, Model : ST-50A, SN : HE-21.000670"}],"output_cell_value":[{"cell":"B47","value":"Temperature Datalogger, Merek : MADGETECH, Model : HITEMP - 140, SN : R64453"},{"cell":"B48","value":"Electrical Safety Analyzer, Merek : Fluke, Model : ESA 615, SN : 3699030"},{"cell":"A2","value":"Nomor Sertifikat : 5 \/ 1 \/ V - 23 \/ E - 033.30 DL"},{"cell":"F14","value":"24.9"},{"cell":"H14","value":"0.3"},{"cell":"F15","value":"63.1"},{"cell":"H15","value":"1.8"},{"cell":"F16","value":"220.3"},{"cell":"H16","value":"2.6"},{"cell":"F19","value":"Baik"},{"cell":"F20","value":"Baik"},{"cell":"L24","value":"OL"},{"cell":"C25","value":"Resistansi Pembumian Protektif (kabel dapat dilepas)"},{"cell":"L25","value":"0.145"},{"cell":"N25","value":"\u2264 0.2"},{"cell":"C26","value":"Arus bocor peralatan untuk peralatan elektromedik kelas I"},{"cell":"L26","value":"-"},{"cell":"N26","value":"\u2264 500"},{"cell":"C33","value":"121"},{"cell":"E33","value":"121.53"},{"cell":"G33","value":"0.53"},{"cell":"L33","value":"0.60"},{"cell":"C37","value":"121"},{"cell":"D37","value":"19"},{"cell":"B41","value":"Ketidakpastian pengukuran dilaporkan pada tingkat kepercayaan 95% dengan faktor cakupan k=2"},{"cell":"B42","value":"Hasil pengukuran keselamatan listrik tertelusur ke Satuan SI melalui PT. Kaliman ( LK-032-IDN )"},{"cell":"B43","value":"Hasil pengujian kinerja suhu tertelusur ke Satuan SI melalui PT. KALIMAN ( LK-032-IDN )"},{"cell":"B44","value":"Tidak terdapat grounding di ruangan"},{"cell":"B51","value":"Alat yang dikalibrasi dalam batas toleransi dan dinyatakan LAIK PAKAI"}]},{"name":"|Temperature Datalogger, Merek : MADGETECH, Model : HITEMP - 140, SN : R63447|Electrical Safety Analyzer, Merek : Fluke, Model : ESA 615, SN : 4669058|Thermohygrolight, Merek : Sekonic, Model : ST-50A, SN : HE-21.000670","input_cell_values":[{"cell":"I2","value":"1 \/ V - 23 \/ E - 033.30 DL"},{"cell":"D8","value":"1"},{"cell":"D17","value":"24.0"},{"cell":"E17","value":"25.0"},{"cell":"D18","value":"69.0"},{"cell":"E18","value":"63.0"},{"cell":"N18","value":null},{"cell":"D19","value":"220.0"},{"cell":"P19","value":null},{"cell":"D22","value":"Baik"},{"cell":"D23","value":"Baik"},{"cell":"I27","value":"OL"},{"cell":"B28","value":"Resistansi Pembumian Protektif (kabel dapat dilepas)"},{"cell":"I28","value":"0.140"},{"cell":"B29","value":"Arus bocor peralatan untuk peralatan elektromedik kelas I"},{"cell":"I29","value":"-"},{"cell":"B37","value":"121"},{"cell":"C37","value":"121.45"},{"cell":"D37","value":"121.30"},{"cell":"E37","value":"121.45"},{"cell":"F37","value":"121.45"},{"cell":"G37","value":"121.45"},{"cell":"H37","value":"121.45"},{"cell":"B41","value":"19"},{"cell":"B51","value":"Temperature Datalogger, Merek : MADGETECH, Model : HITEMP - 140, SN : R63447"},{"cell":"B52","value":"Electrical Safety Analyzer, Merek : Fluke, Model : ESA 615, SN : 4669058"},{"cell":"B53","value":"Thermohygrolight, Merek : Sekonic, Model : ST-50A, SN : HE-21.000670"}],"output_cell_value":[{"cell":"B47","value":"Temperature Datalogger, Merek : MADGETECH, Model : HITEMP - 140, SN : R63447"},{"cell":"B48","value":"Electrical Safety Analyzer, Merek : Fluke, Model : ESA 615, SN : 4669058"},{"cell":"A2","value":"Nomor Sertifikat : 5 \/ 1 \/ V - 23 \/ E - 033.30 DL"},{"cell":"F14","value":"24.9"},{"cell":"H14","value":"0.3"},{"cell":"F15","value":"63.1"},{"cell":"H15","value":"1.8"},{"cell":"F16","value":"219.8"},{"cell":"H16","value":"2.6"},{"cell":"F19","value":"Baik"},{"cell":"F20","value":"Baik"},{"cell":"L24","value":"OL"},{"cell":"C25","value":"Resistansi Pembumian Protektif (kabel dapat dilepas)"},{"cell":"L25","value":"0.141"},{"cell":"N25","value":"\u2264 0.2"},{"cell":"C26","value":"Arus bocor peralatan untuk peralatan elektromedik kelas I"},{"cell":"L26","value":"-"},{"cell":"N26","value":"\u2264 500"},{"cell":"C33","value":"121"},{"cell":"E33","value":"#N\/A"},{"cell":"G33","value":"#N\/A"},{"cell":"L33","value":"#N\/A"},{"cell":"C37","value":"121"},{"cell":"D37","value":"19"},{"cell":"B41","value":"Ketidakpastian pengukuran dilaporkan pada tingkat kepercayaan 95% dengan faktor cakupan k=2"},{"cell":"B42","value":"Hasil pengukuran keselamatan listrik tertelusur ke Satuan SI melalui PT. Kaliman ( LK-032-IDN )"},{"cell":"B43","value":"#N\/A"},{"cell":"B44","value":"Tidak terdapat grounding di ruangan"},{"cell":"B51","value":"Alat yang dikalibrasi dalam batas toleransi dan dinyatakan LAIK PAKAI"}]},{"name":"|Temperature Datalogger, Merek : MADGETECH, Model : HITEMP - 140, SN : R63447|Electrical Safety Analyzer, Merek : Fluke, Model : ESA 615, SN : 3699030|Thermohygrolight, Merek : Sekonic, Model : ST-50A, SN : HE-21.000670","input_cell_values":[{"cell":"I2","value":"1 \/ V - 23 \/ E - 033.30 DL"},{"cell":"D8","value":"1"},{"cell":"D17","value":"24.0"},{"cell":"E17","value":"25.0"},{"cell":"D18","value":"69.0"},{"cell":"E18","value":"63.0"},{"cell":"N18","value":null},{"cell":"D19","value":"220.0"},{"cell":"P19","value":null},{"cell":"D22","value":"Baik"},{"cell":"D23","value":"Baik"},{"cell":"I27","value":"OL"},{"cell":"B28","value":"Resistansi Pembumian Protektif (kabel dapat dilepas)"},{"cell":"I28","value":"0.140"},{"cell":"B29","value":"Arus bocor peralatan untuk peralatan elektromedik kelas I"},{"cell":"I29","value":"-"},{"cell":"B37","value":"121"},{"cell":"C37","value":"121.45"},{"cell":"D37","value":"121.30"},{"cell":"E37","value":"121.45"},{"cell":"F37","value":"121.45"},{"cell":"G37","value":"121.45"},{"cell":"H37","value":"121.45"},{"cell":"B41","value":"19"},{"cell":"B51","value":"Temperature Datalogger, Merek : MADGETECH, Model : HITEMP - 140, SN : R63447"},{"cell":"B52","value":"Electrical Safety Analyzer, Merek : Fluke, Model : ESA 615, SN : 3699030"},{"cell":"B53","value":"Thermohygrolight, Merek : Sekonic, Model : ST-50A, SN : HE-21.000670"}],"output_cell_value":[{"cell":"B47","value":"Temperature Datalogger, Merek : MADGETECH, Model : HITEMP - 140, SN : R63447"},{"cell":"B48","value":"Electrical Safety Analyzer, Merek : Fluke, Model : ESA 615, SN : 3699030"},{"cell":"A2","value":"Nomor Sertifikat : 5 \/ 1 \/ V - 23 \/ E - 033.30 DL"},{"cell":"F14","value":"24.9"},{"cell":"H14","value":"0.3"},{"cell":"F15","value":"63.1"},{"cell":"H15","value":"1.8"},{"cell":"F16","value":"220.3"},{"cell":"H16","value":"2.6"},{"cell":"F19","value":"Baik"},{"cell":"F20","value":"Baik"},{"cell":"L24","value":"OL"},{"cell":"C25","value":"Resistansi Pembumian Protektif (kabel dapat dilepas)"},{"cell":"L25","value":"0.145"},{"cell":"N25","value":"\u2264 0.2"},{"cell":"C26","value":"Arus bocor peralatan untuk peralatan elektromedik kelas I"},{"cell":"L26","value":"-"},{"cell":"N26","value":"\u2264 500"},{"cell":"C33","value":"121"},{"cell":"E33","value":"#N\/A"},{"cell":"G33","value":"#N\/A"},{"cell":"L33","value":"#N\/A"},{"cell":"C37","value":"121"},{"cell":"D37","value":"19"},{"cell":"B41","value":"Ketidakpastian pengukuran dilaporkan pada tingkat kepercayaan 95% dengan faktor cakupan k=2"},{"cell":"B42","value":"Hasil pengukuran keselamatan listrik tertelusur ke Satuan SI melalui PT. Kaliman ( LK-032-IDN )"},{"cell":"B43","value":"#N\/A"},{"cell":"B44","value":"Tidak terdapat grounding di ruangan"},{"cell":"B51","value":"Alat yang dikalibrasi dalam batas toleransi dan dinyatakan LAIK PAKAI"}]}]},{"name":"Default","schema":[{"name":"|Temperature Datalogger, Merek : MADGETECH, Model : HITEMP - 140, SN : R64453|Electrical Safety Analyzer, Merek : Fluke, Model : ESA 615, SN : 4669058|Thermohygrolight, Merek : Sekonic, Model : ST-50A, SN : HE-21.000670","input_cell_values":[{"cell":"I2","value":"1 \/ V - 23 \/ E - 033.30 DL"},{"cell":"D8","value":"1"},{"cell":"D17","value":"24.0"},{"cell":"E17","value":"25.0"},{"cell":"D18","value":"69.0"},{"cell":"E18","value":"63.0"},{"cell":"N18","value":"G18"},{"cell":"D19","value":"220.0"},{"cell":"P19","value":"60"},{"cell":"D22","value":"Baik"},{"cell":"D23","value":"Baik"},{"cell":"I27","value":"OL"},{"cell":"B28","value":"Resistansi Pembumian Protektif (kabel dapat dilepas)"},{"cell":"I28","value":"0.140"},{"cell":"B29","value":"Arus bocor peralatan untuk peralatan elektromedik kelas I"},{"cell":"I29","value":"-"},{"cell":"B37","value":"121"},{"cell":"C37","value":"121.45"},{"cell":"D37","value":"121.30"},{"cell":"E37","value":"121.45"},{"cell":"F37","value":"121.45"},{"cell":"G37","value":"121.45"},{"cell":"H37","value":"121.45"},{"cell":"B41","value":"19"},{"cell":"B51","value":"Temperature Datalogger, Merek : MADGETECH, Model : HITEMP - 140, SN : R64453"},{"cell":"B52","value":"Electrical Safety Analyzer, Merek : Fluke, Model : ESA 615, SN : 4669058"},{"cell":"B53","value":"Thermohygrolight, Merek : Sekonic, Model : ST-50A, SN : HE-21.000670"}],"output_cell_value":[{"cell":"B47","value":"Temperature Datalogger, Merek : MADGETECH, Model : HITEMP - 140, SN : R64453"},{"cell":"B48","value":"Electrical Safety Analyzer, Merek : Fluke, Model : ESA 615, SN : 4669058"},{"cell":"A2","value":"Nomor Sertifikat : 5 \/ 1 \/ V - 23 \/ E - 033.30 DL"},{"cell":"F14","value":"24.9"},{"cell":"H14","value":"0.3"},{"cell":"F15","value":"63.1"},{"cell":"H15","value":"1.8"},{"cell":"F16","value":"219.8"},{"cell":"H16","value":"2.6"},{"cell":"F19","value":"Baik"},{"cell":"F20","value":"Baik"},{"cell":"L24","value":"OL"},{"cell":"C25","value":"Resistansi Pembumian Protektif (kabel dapat dilepas)"},{"cell":"L25","value":"0.141"},{"cell":"N25","value":"\u2264 0.2"},{"cell":"C26","value":"Arus bocor peralatan untuk peralatan elektromedik kelas I"},{"cell":"L26","value":"-"},{"cell":"N26","value":"\u2264 500"},{"cell":"C33","value":"121"},{"cell":"E33","value":"121.53"},{"cell":"G33","value":"0.53"},{"cell":"L33","value":"0.60"},{"cell":"C37","value":"121"},{"cell":"D37","value":"19"},{"cell":"B41","value":"Ketidakpastian pengukuran dilaporkan pada tingkat kepercayaan 95% dengan faktor cakupan k=2"},{"cell":"B42","value":"Hasil pengukuran keselamatan listrik tertelusur ke Satuan SI melalui PT. Kaliman ( LK-032-IDN )"},{"cell":"B43","value":"Hasil pengujian kinerja suhu tertelusur ke Satuan SI melalui PT. KALIMAN ( LK-032-IDN )"},{"cell":"B44","value":"Tidak terdapat grounding di ruangan"},{"cell":"B51","value":"Alat yang dikalibrasi dalam batas toleransi dan dinyatakan LAIK PAKAI"},{"cell":"B47","value":"Temperature Datalogger, Merek : MADGETECH, Model : HITEMP - 140, SN : R64453"},{"cell":"B48","value":"Electrical Safety Analyzer, Merek : Fluke, Model : ESA 615, SN : 4669058"}]},{"name":"|Temperature Datalogger, Merek : MADGETECH, Model : HITEMP - 140, SN : R64453|Electrical Safety Analyzer, Merek : Fluke, Model : ESA 615, SN : 3699030|Thermohygrolight, Merek : Sekonic, Model : ST-50A, SN : HE-21.000670","input_cell_values":[{"cell":"I2","value":"1 \/ V - 23 \/ E - 033.30 DL"},{"cell":"D8","value":"1"},{"cell":"D17","value":"24.0"},{"cell":"E17","value":"25.0"},{"cell":"D18","value":"69.0"},{"cell":"E18","value":"63.0"},{"cell":"N18","value":"G18"},{"cell":"D19","value":"220.0"},{"cell":"P19","value":"60"},{"cell":"D22","value":"Baik"},{"cell":"D23","value":"Baik"},{"cell":"I27","value":"OL"},{"cell":"B28","value":"Resistansi Pembumian Protektif (kabel dapat dilepas)"},{"cell":"I28","value":"0.140"},{"cell":"B29","value":"Arus bocor peralatan untuk peralatan elektromedik kelas I"},{"cell":"I29","value":"-"},{"cell":"B37","value":"121"},{"cell":"C37","value":"121.45"},{"cell":"D37","value":"121.30"},{"cell":"E37","value":"121.45"},{"cell":"F37","value":"121.45"},{"cell":"G37","value":"121.45"},{"cell":"H37","value":"121.45"},{"cell":"B41","value":"19"},{"cell":"B51","value":"Temperature Datalogger, Merek : MADGETECH, Model : HITEMP - 140, SN : R64453"},{"cell":"B52","value":"Electrical Safety Analyzer, Merek : Fluke, Model : ESA 615, SN : 3699030"},{"cell":"B53","value":"Thermohygrolight, Merek : Sekonic, Model : ST-50A, SN : HE-21.000670"}],"output_cell_value":[{"cell":"B47","value":"Temperature Datalogger, Merek : MADGETECH, Model : HITEMP - 140, SN : R64453"},{"cell":"B48","value":"Electrical Safety Analyzer, Merek : Fluke, Model : ESA 615, SN : 3699030"},{"cell":"A2","value":"Nomor Sertifikat : 5 \/ 1 \/ V - 23 \/ E - 033.30 DL"},{"cell":"F14","value":"24.9"},{"cell":"H14","value":"0.3"},{"cell":"F15","value":"63.1"},{"cell":"H15","value":"1.8"},{"cell":"F16","value":"220.3"},{"cell":"H16","value":"2.6"},{"cell":"F19","value":"Baik"},{"cell":"F20","value":"Baik"},{"cell":"L24","value":"OL"},{"cell":"C25","value":"Resistansi Pembumian Protektif (kabel dapat dilepas)"},{"cell":"L25","value":"0.145"},{"cell":"N25","value":"\u2264 0.2"},{"cell":"C26","value":"Arus bocor peralatan untuk peralatan elektromedik kelas I"},{"cell":"L26","value":"-"},{"cell":"N26","value":"\u2264 500"},{"cell":"C33","value":"121"},{"cell":"E33","value":"121.53"},{"cell":"G33","value":"0.53"},{"cell":"L33","value":"0.60"},{"cell":"C37","value":"121"},{"cell":"D37","value":"19"},{"cell":"B41","value":"Ketidakpastian pengukuran dilaporkan pada tingkat kepercayaan 95% dengan faktor cakupan k=2"},{"cell":"B42","value":"Hasil pengukuran keselamatan listrik tertelusur ke Satuan SI melalui PT. Kaliman ( LK-032-IDN )"},{"cell":"B43","value":"Hasil pengujian kinerja suhu tertelusur ke Satuan SI melalui PT. KALIMAN ( LK-032-IDN )"},{"cell":"B44","value":"Tidak terdapat grounding di ruangan"},{"cell":"B51","value":"Alat yang dikalibrasi dalam batas toleransi dan dinyatakan LAIK PAKAI"},{"cell":"B47","value":"Temperature Datalogger, Merek : MADGETECH, Model : HITEMP - 140, SN : R64453"},{"cell":"B48","value":"Electrical Safety Analyzer, Merek : Fluke, Model : ESA 615, SN : 3699030"}]},{"name":"|Temperature Datalogger, Merek : MADGETECH, Model : HITEMP - 140, SN : R63447|Electrical Safety Analyzer, Merek : Fluke, Model : ESA 615, SN : 4669058|Thermohygrolight, Merek : Sekonic, Model : ST-50A, SN : HE-21.000670","input_cell_values":[{"cell":"I2","value":"1 \/ V - 23 \/ E - 033.30 DL"},{"cell":"D8","value":"1"},{"cell":"D17","value":"24.0"},{"cell":"E17","value":"25.0"},{"cell":"D18","value":"69.0"},{"cell":"E18","value":"63.0"},{"cell":"N18","value":"G18"},{"cell":"D19","value":"220.0"},{"cell":"P19","value":"60"},{"cell":"D22","value":"Baik"},{"cell":"D23","value":"Baik"},{"cell":"I27","value":"OL"},{"cell":"B28","value":"Resistansi Pembumian Protektif (kabel dapat dilepas)"},{"cell":"I28","value":"0.140"},{"cell":"B29","value":"Arus bocor peralatan untuk peralatan elektromedik kelas I"},{"cell":"I29","value":"-"},{"cell":"B37","value":"121"},{"cell":"C37","value":"121.45"},{"cell":"D37","value":"121.30"},{"cell":"E37","value":"121.45"},{"cell":"F37","value":"121.45"},{"cell":"G37","value":"121.45"},{"cell":"H37","value":"121.45"},{"cell":"B41","value":"19"},{"cell":"B51","value":"Temperature Datalogger, Merek : MADGETECH, Model : HITEMP - 140, SN : R63447"},{"cell":"B52","value":"Electrical Safety Analyzer, Merek : Fluke, Model : ESA 615, SN : 4669058"},{"cell":"B53","value":"Thermohygrolight, Merek : Sekonic, Model : ST-50A, SN : HE-21.000670"}],"output_cell_value":[{"cell":"B47","value":"Temperature Datalogger, Merek : MADGETECH, Model : HITEMP - 140, SN : R63447"},{"cell":"B48","value":"Electrical Safety Analyzer, Merek : Fluke, Model : ESA 615, SN : 4669058"},{"cell":"A2","value":"Nomor Sertifikat : 5 \/ 1 \/ V - 23 \/ E - 033.30 DL"},{"cell":"F14","value":"24.9"},{"cell":"H14","value":"0.3"},{"cell":"F15","value":"63.1"},{"cell":"H15","value":"1.8"},{"cell":"F16","value":"219.8"},{"cell":"H16","value":"2.6"},{"cell":"F19","value":"Baik"},{"cell":"F20","value":"Baik"},{"cell":"L24","value":"OL"},{"cell":"C25","value":"Resistansi Pembumian Protektif (kabel dapat dilepas)"},{"cell":"L25","value":"0.141"},{"cell":"N25","value":"\u2264 0.2"},{"cell":"C26","value":"Arus bocor peralatan untuk peralatan elektromedik kelas I"},{"cell":"L26","value":"-"},{"cell":"N26","value":"\u2264 500"},{"cell":"C33","value":"121"},{"cell":"E33","value":"#N\/A"},{"cell":"G33","value":"#N\/A"},{"cell":"L33","value":"#N\/A"},{"cell":"C37","value":"121"},{"cell":"D37","value":"19"},{"cell":"B41","value":"Ketidakpastian pengukuran dilaporkan pada tingkat kepercayaan 95% dengan faktor cakupan k=2"},{"cell":"B42","value":"Hasil pengukuran keselamatan listrik tertelusur ke Satuan SI melalui PT. Kaliman ( LK-032-IDN )"},{"cell":"B43","value":"#N\/A"},{"cell":"B44","value":"Tidak terdapat grounding di ruangan"},{"cell":"B51","value":"Alat yang dikalibrasi dalam batas toleransi dan dinyatakan LAIK PAKAI"},{"cell":"B47","value":"Temperature Datalogger, Merek : MADGETECH, Model : HITEMP - 140, SN : R63447"},{"cell":"B48","value":"Electrical Safety Analyzer, Merek : Fluke, Model : ESA 615, SN : 4669058"}]},{"name":"|Temperature Datalogger, Merek : MADGETECH, Model : HITEMP - 140, SN : R63447|Electrical Safety Analyzer, Merek : Fluke, Model : ESA 615, SN : 3699030|Thermohygrolight, Merek : Sekonic, Model : ST-50A, SN : HE-21.000670","input_cell_values":[{"cell":"I2","value":"1 \/ V - 23 \/ E - 033.30 DL"},{"cell":"D8","value":"1"},{"cell":"D17","value":"24.0"},{"cell":"E17","value":"25.0"},{"cell":"D18","value":"69.0"},{"cell":"E18","value":"63.0"},{"cell":"N18","value":"G18"},{"cell":"D19","value":"220.0"},{"cell":"P19","value":"60"},{"cell":"D22","value":"Baik"},{"cell":"D23","value":"Baik"},{"cell":"I27","value":"OL"},{"cell":"B28","value":"Resistansi Pembumian Protektif (kabel dapat dilepas)"},{"cell":"I28","value":"0.140"},{"cell":"B29","value":"Arus bocor peralatan untuk peralatan elektromedik kelas I"},{"cell":"I29","value":"-"},{"cell":"B37","value":"121"},{"cell":"C37","value":"121.45"},{"cell":"D37","value":"121.30"},{"cell":"E37","value":"121.45"},{"cell":"F37","value":"121.45"},{"cell":"G37","value":"121.45"},{"cell":"H37","value":"121.45"},{"cell":"B41","value":"19"},{"cell":"B51","value":"Temperature Datalogger, Merek : MADGETECH, Model : HITEMP - 140, SN : R63447"},{"cell":"B52","value":"Electrical Safety Analyzer, Merek : Fluke, Model : ESA 615, SN : 3699030"},{"cell":"B53","value":"Thermohygrolight, Merek : Sekonic, Model : ST-50A, SN : HE-21.000670"}],"output_cell_value":[{"cell":"B47","value":"Temperature Datalogger, Merek : MADGETECH, Model : HITEMP - 140, SN : R63447"},{"cell":"B48","value":"Electrical Safety Analyzer, Merek : Fluke, Model : ESA 615, SN : 3699030"},{"cell":"A2","value":"Nomor Sertifikat : 5 \/ 1 \/ V - 23 \/ E - 033.30 DL"},{"cell":"F14","value":"24.9"},{"cell":"H14","value":"0.3"},{"cell":"F15","value":"63.1"},{"cell":"H15","value":"1.8"},{"cell":"F16","value":"220.3"},{"cell":"H16","value":"2.6"},{"cell":"F19","value":"Baik"},{"cell":"F20","value":"Baik"},{"cell":"L24","value":"OL"},{"cell":"C25","value":"Resistansi Pembumian Protektif (kabel dapat dilepas)"},{"cell":"L25","value":"0.145"},{"cell":"N25","value":"\u2264 0.2"},{"cell":"C26","value":"Arus bocor peralatan untuk peralatan elektromedik kelas I"},{"cell":"L26","value":"-"},{"cell":"N26","value":"\u2264 500"},{"cell":"C33","value":"121"},{"cell":"E33","value":"#N\/A"},{"cell":"G33","value":"#N\/A"},{"cell":"L33","value":"#N\/A"},{"cell":"C37","value":"121"},{"cell":"D37","value":"19"},{"cell":"B41","value":"Ketidakpastian pengukuran dilaporkan pada tingkat kepercayaan 95% dengan faktor cakupan k=2"},{"cell":"B42","value":"Hasil pengukuran keselamatan listrik tertelusur ke Satuan SI melalui PT. Kaliman ( LK-032-IDN )"},{"cell":"B43","value":"#N\/A"},{"cell":"B44","value":"Tidak terdapat grounding di ruangan"},{"cell":"B51","value":"Alat yang dikalibrasi dalam batas toleransi dan dinyatakan LAIK PAKAI"},{"cell":"B47","value":"Temperature Datalogger, Merek : MADGETECH, Model : HITEMP - 140, SN : R63447"},{"cell":"B48","value":"Electrical Safety Analyzer, Merek : Fluke, Model : ESA 615, SN : 3699030"}]}]}]}